step	mean_accuracy
0	0.46317958007008175
0	0.46317958007008175
